,company,title,href
0,Zalando,Marketing Analyst (Media Analytics) (all genders),https://de.linkedin.com/jobs/view/marketing-analyst-media-analytics-all-genders-at-zalando-3758062433?refId=wvr2EWC0WZZ0glTdH5LC0w%3D%3D&trackingId=LkzWfjIU%2Bv1Nlj0bTF4vIA%3D%3D&position=1&pageNum=0&trk=public_jobs_jserp-result_search-card
1,Scout24 Group,Business Data Analyst - Sales & Customer Temporary Position (d/f/m),https://de.linkedin.com/jobs/view/business-data-analyst-sales-customer-temporary-position-d-f-m-at-scout24-gruppe-3758957872?refId=wvr2EWC0WZZ0glTdH5LC0w%3D%3D&trackingId=AnHP6ejHpgi7ODeDqK0AtA%3D%3D&position=2&pageNum=0&trk=public_jobs_jserp-result_search-card
2,ImmoScout24,Business Data Analyst - Sales & Customer Temporary Position (d/f/m),https://de.linkedin.com/jobs/view/business-data-analyst-sales-customer-temporary-position-d-f-m-at-immoscout24-3747492043?refId=wvr2EWC0WZZ0glTdH5LC0w%3D%3D&trackingId=SqI7K%2FUZs25KDgrF%2Ftx0Og%3D%3D&position=3&pageNum=0&trk=public_jobs_jserp-result_search-card
3,GetYourGuide,Senior Data Analyst / Applied Scientist (Brand Marketing/MMM),https://de.linkedin.com/jobs/view/senior-data-analyst-applied-scientist-brand-marketing-mmm-at-getyourguide-3765496945?refId=wvr2EWC0WZZ0glTdH5LC0w%3D%3D&trackingId=6rKeKGwc%2BTZcwy7sDJBr1A%3D%3D&position=4&pageNum=0&trk=public_jobs_jserp-result_search-card
4,hello.de,Werkstudent/ Praktikant - Business Intelligence | Reporting | Business Analysis,https://de.linkedin.com/jobs/view/werkstudent-praktikant-business-intelligence-reporting-business-analysis-at-hello-de-3751658783?refId=wvr2EWC0WZZ0glTdH5LC0w%3D%3D&trackingId=fYB7TECL1j%2FiyRAbpEEv0Q%3D%3D&position=5&pageNum=0&trk=public_jobs_jserp-result_search-card
5,Puffy,Senior Data Analyst (Get a 30% salary increase & Pay 0% Tax),https://de.linkedin.com/jobs/view/senior-data-analyst-get-a-30%25-salary-increase-pay-0%25-tax-at-puffy-3759029443?refId=wvr2EWC0WZZ0glTdH5LC0w%3D%3D&trackingId=yInuul5rmj6JFU5MKFgz%2BA%3D%3D&position=6&pageNum=0&trk=public_jobs_jserp-result_search-card
6,ImmoScout24,Business Data Analyst - Sales & Customer Temporary Position (d/f/m),https://de.linkedin.com/jobs/view/business-data-analyst-sales-customer-temporary-position-d-f-m-at-immoscout24-3767072288?refId=wvr2EWC0WZZ0glTdH5LC0w%3D%3D&trackingId=cMlTTgxAQXP50p48ZSKhkw%3D%3D&position=7&pageNum=0&trk=public_jobs_jserp-result_search-card
7,Zalando,(SENIOR) CUSTOMER DATA ANALYST (CUSTOMER SEGMENTATION) - MARKETS (all genders),https://de.linkedin.com/jobs/view/senior-customer-data-analyst-customer-segmentation-markets-all-genders-at-zalando-3734107245?refId=wvr2EWC0WZZ0glTdH5LC0w%3D%3D&trackingId=ejXrhwx81O0xB8uByg7Q9A%3D%3D&position=8&pageNum=0&trk=public_jobs_jserp-result_search-card
8,Zalando,Senior Marketing Analyst (ROI Analytics) (all genders),https://de.linkedin.com/jobs/view/senior-marketing-analyst-roi-analytics-all-genders-at-zalando-3775547546?refId=wvr2EWC0WZZ0glTdH5LC0w%3D%3D&trackingId=jHBvKKnmp2guQ6vzqfUjsQ%3D%3D&position=9&pageNum=0&trk=public_jobs_jserp-result_search-card
9,Capgemini,Business Analyst Data & AI Life Sciences (w/m/d),https://de.linkedin.com/jobs/view/business-analyst-data-ai-life-sciences-w-m-d-at-capgemini-3760808449?refId=wvr2EWC0WZZ0glTdH5LC0w%3D%3D&trackingId=c69r9gfyky8xxSH8Gn6xoQ%3D%3D&position=10&pageNum=0&trk=public_jobs_jserp-result_search-card
10,TLGG Agency,Social Media Analyst (w/m/d),https://de.linkedin.com/jobs/view/social-media-analyst-w-m-d-at-tlgg-agency-3777299182?refId=wvr2EWC0WZZ0glTdH5LC0w%3D%3D&trackingId=zV6hRdn3KjuV%2Btn4IaCR3w%3D%3D&position=11&pageNum=0&trk=public_jobs_jserp-result_search-card
11,Aeyde,Marketing Analyst (m/f/d),https://de.linkedin.com/jobs/view/marketing-analyst-m-f-d-at-aeyde-3778548498?refId=wvr2EWC0WZZ0glTdH5LC0w%3D%3D&trackingId=BJzD8wz9%2B2TqFI5EqWXEtg%3D%3D&position=12&pageNum=0&trk=public_jobs_jserp-result_search-card
12,HCLTech,Business Analyst,https://de.linkedin.com/jobs/view/business-analyst-at-hcltech-3780190794?refId=wvr2EWC0WZZ0glTdH5LC0w%3D%3D&trackingId=usm83s3tt7IJF8tX1Ox%2BmQ%3D%3D&position=13&pageNum=0&trk=public_jobs_jserp-result_search-card
13,Universal Music Deutschland,Senior Audience Data Analyst - D2C (all genders) - Marketing Labs – Universal Music GmbH,https://de.linkedin.com/jobs/view/senior-audience-data-analyst-d2c-all-genders-marketing-labs-%E2%80%93-universal-music-gmbh-at-universal-music-deutschland-3733803459?refId=wvr2EWC0WZZ0glTdH5LC0w%3D%3D&trackingId=3QR%2Ffj9bqtpdhp0WDslAyw%3D%3D&position=14&pageNum=0&trk=public_jobs_jserp-result_search-card
14,Deutsche Rentenversicherung Bund,Businessanalyst*in (m/w/div),https://de.linkedin.com/jobs/view/businessanalyst-in-m-w-div-at-deutsche-rentenversicherung-bund-3706794548?refId=wvr2EWC0WZZ0glTdH5LC0w%3D%3D&trackingId=8vjpMsLY6GUVTrhaJQGtcg%3D%3D&position=15&pageNum=0&trk=public_jobs_jserp-result_search-card
15,AMBOSS,Business Analyst,https://de.linkedin.com/jobs/view/business-analyst-at-amboss-3744757536?refId=wvr2EWC0WZZ0glTdH5LC0w%3D%3D&trackingId=NFZsrL99wjLdg1QH9eWPtA%3D%3D&position=16&pageNum=0&trk=public_jobs_jserp-result_search-card
16,Salt,Senior Market Researcher,https://de.linkedin.com/jobs/view/senior-market-researcher-at-salt-3769230050?refId=wvr2EWC0WZZ0glTdH5LC0w%3D%3D&trackingId=7deQrOW1OsyNncAkgRzz%2Fg%3D%3D&position=17&pageNum=0&trk=public_jobs_jserp-result_search-card
17,Planet,Business Analyst,https://de.linkedin.com/jobs/view/business-analyst-at-planet-3757343949?refId=wvr2EWC0WZZ0glTdH5LC0w%3D%3D&trackingId=4EWFpgqrxBYFRs38fbtZAg%3D%3D&position=18&pageNum=0&trk=public_jobs_jserp-result_search-card
18,GotPhoto.com | fotograf.de,Marketing Analyst (f/m/d),https://de.linkedin.com/jobs/view/marketing-analyst-f-m-d-at-gotphoto-com-fotograf-de-3731197233?refId=wvr2EWC0WZZ0glTdH5LC0w%3D%3D&trackingId=4QPL5ILUZmE6FkXW6F9kfw%3D%3D&position=19&pageNum=0&trk=public_jobs_jserp-result_search-card
19,H2 MOBILITY,Werkstudierende im Bereich Digital Business Analyst (gn),https://de.linkedin.com/jobs/view/werkstudierende-im-bereich-digital-business-analyst-gn-at-h2-mobility-3771543599?refId=wvr2EWC0WZZ0glTdH5LC0w%3D%3D&trackingId=g51E%2BfWkekI5W4lV%2B8qjyg%3D%3D&position=20&pageNum=0&trk=public_jobs_jserp-result_search-card
20,Scout24 Group,Business Analyst in Sales Analytics (d/w/m),https://de.linkedin.com/jobs/view/business-analyst-in-sales-analytics-d-w-m-at-scout24-gruppe-3763573560?refId=wvr2EWC0WZZ0glTdH5LC0w%3D%3D&trackingId=OimpMiLXBHRFpJK3mWOm8w%3D%3D&position=21&pageNum=0&trk=public_jobs_jserp-result_search-card
21,SAP,Senior Business & Data Analyst - (f/m/d) SAP Signavio - Platform Group,https://de.linkedin.com/jobs/view/senior-business-data-analyst-f-m-d-sap-signavio-platform-group-at-sap-3758205028?refId=wvr2EWC0WZZ0glTdH5LC0w%3D%3D&trackingId=G1R3ZPxejvDwRrYYIkUqTw%3D%3D&position=22&pageNum=0&trk=public_jobs_jserp-result_search-card
22,SAP,Senior Business & Data Analyst - (f/m/d) SAP Signavio - Platform Group,https://de.linkedin.com/jobs/view/senior-business-data-analyst-f-m-d-sap-signavio-platform-group-at-sap-3757899340?refId=wvr2EWC0WZZ0glTdH5LC0w%3D%3D&trackingId=TXEqIvV6iFL8rZqlqHWBrQ%3D%3D&position=23&pageNum=0&trk=public_jobs_jserp-result_search-card
23,Scout24 Group,(Senior) Marketing Analyst (d/f/m),https://de.linkedin.com/jobs/view/senior-marketing-analyst-d-f-m-at-scout24-gruppe-3763571970?refId=wvr2EWC0WZZ0glTdH5LC0w%3D%3D&trackingId=8ezLc5FR%2FQWrHGR2pjJ%2B9w%3D%3D&position=24&pageNum=0&trk=public_jobs_jserp-result_search-card
24,flaconi,Senior Marketing Analyst (all genders),https://de.linkedin.com/jobs/view/senior-marketing-analyst-all-genders-at-flaconi-3621220046?refId=wvr2EWC0WZZ0glTdH5LC0w%3D%3D&trackingId=E1sLMZWBm5CpGBAEhsv6Mw%3D%3D&position=25&pageNum=0&trk=public_jobs_jserp-result_search-card
25,TUI,Referent Web Analyst (m/w/d) mit Fokus Marketing & Attribution,https://de.linkedin.com/jobs/view/referent-web-analyst-m-w-d-mit-fokus-marketing-attribution-at-tui-3746717080?refId=DGACJi5yv2ox2m%2BmU%2Fk5zw%3D%3D&trackingId=LGNb%2FM0FUoWltY7e0TkXlg%3D%3D&position=1&pageNum=1&trk=public_jobs_jserp-result_search-card
26,Raisin,Senior Manager Marketing Analytics (m/f/d),https://de.linkedin.com/jobs/view/senior-manager-marketing-analytics-m-f-d-at-raisin-3773344795?refId=DGACJi5yv2ox2m%2BmU%2Fk5zw%3D%3D&trackingId=6oY9aDDsianLyt9eSk6h5A%3D%3D&position=2&pageNum=1&trk=public_jobs_jserp-result_search-card
27,Engel & Völkers Commercial Berlin,Market Analyst / Research Analyst (m/w/d),https://de.linkedin.com/jobs/view/market-analyst-research-analyst-m-w-d-at-engel-v%C3%B6lkers-commercial-berlin-3765626226?refId=DGACJi5yv2ox2m%2BmU%2Fk5zw%3D%3D&trackingId=SE9E1IJHCNffkmXU3241AQ%3D%3D&position=3&pageNum=1&trk=public_jobs_jserp-result_search-card
28,ImmoScout24,(Senior) Marketing Analyst (d/f/m),https://de.linkedin.com/jobs/view/senior-marketing-analyst-d-f-m-at-immoscout24-3750809855?refId=DGACJi5yv2ox2m%2BmU%2Fk5zw%3D%3D&trackingId=PCxzl8xx1pe8NElghMOnsA%3D%3D&position=4&pageNum=1&trk=public_jobs_jserp-result_search-card
29,Stealth iT Recruitment,Business Analyst,https://de.linkedin.com/jobs/view/business-analyst-at-stealth-it-recruitment-3772463982?refId=DGACJi5yv2ox2m%2BmU%2Fk5zw%3D%3D&trackingId=6R1kE72ZzUrhLCj3TYRGbA%3D%3D&position=5&pageNum=1&trk=public_jobs_jserp-result_search-card
30,ImmoScout24,Business Analyst in Sales Analytics (d/w/m),https://de.linkedin.com/jobs/view/business-analyst-in-sales-analytics-d-w-m-at-immoscout24-3767069639?refId=DGACJi5yv2ox2m%2BmU%2Fk5zw%3D%3D&trackingId=gGiaNgTxPcQu%2BM9qmIyiBw%3D%3D&position=6&pageNum=1&trk=public_jobs_jserp-result_search-card
31,ImmoScout24,(Senior) Marketing Analyst (d/f/m),https://de.linkedin.com/jobs/view/senior-marketing-analyst-d-f-m-at-immoscout24-3767071344?refId=DGACJi5yv2ox2m%2BmU%2Fk5zw%3D%3D&trackingId=mXZLg%2BjQ8Dz7xLgdNh9PyQ%3D%3D&position=7&pageNum=1&trk=public_jobs_jserp-result_search-card
32,Revolut,Business Analyst (Treasury),https://de.linkedin.com/jobs/view/business-analyst-treasury-at-revolut-3769079963?refId=DGACJi5yv2ox2m%2BmU%2Fk5zw%3D%3D&trackingId=SLZQqLJGEEnH35jrJTXF6g%3D%3D&position=8&pageNum=1&trk=public_jobs_jserp-result_search-card
33,Moyyn,Business Analyst (m/w/d)-43_CL_27_2,https://de.linkedin.com/jobs/view/business-analyst-m-w-d-43-cl-27-2-at-moyyn-3587529775?refId=DGACJi5yv2ox2m%2BmU%2Fk5zw%3D%3D&trackingId=t0WXRnrPlSWC3BkvQ5zKXA%3D%3D&position=9&pageNum=1&trk=public_jobs_jserp-result_search-card
34,CATHAGO,Business Analyst (w/m/d),https://de.linkedin.com/jobs/view/business-analyst-w-m-d-at-cathago-3759764223?refId=DGACJi5yv2ox2m%2BmU%2Fk5zw%3D%3D&trackingId=v9kJMb4Ypew3EShGCdQ1Ig%3D%3D&position=10&pageNum=1&trk=public_jobs_jserp-result_search-card
35,Zalando,Senior Media Business Analyst - Brand Marketing (all genders),https://de.linkedin.com/jobs/view/senior-media-business-analyst-brand-marketing-all-genders-at-zalando-3734107172?refId=DGACJi5yv2ox2m%2BmU%2Fk5zw%3D%3D&trackingId=yZxO8M2WGlRVS3Nosw59iQ%3D%3D&position=11&pageNum=1&trk=public_jobs_jserp-result_search-card
36,numa,Business Analyst (Expansion) (m/f/d),https://de.linkedin.com/jobs/view/business-analyst-expansion-m-f-d-at-numa-3774941533?refId=DGACJi5yv2ox2m%2BmU%2Fk5zw%3D%3D&trackingId=8ECjh28yCcq5fg7OpLMUVg%3D%3D&position=12&pageNum=1&trk=public_jobs_jserp-result_search-card
37,Aspire Software,Business Analyst,https://de.linkedin.com/jobs/view/business-analyst-at-aspire-software-3731435948?refId=DGACJi5yv2ox2m%2BmU%2Fk5zw%3D%3D&trackingId=6avCfXmgChyvg59%2FTXHbMA%3D%3D&position=13&pageNum=1&trk=public_jobs_jserp-result_search-card
38,CBTW,Business Analyst (M/W/D),https://de.linkedin.com/jobs/view/business-analyst-m-w-d-at-cbtw-3779277336?refId=DGACJi5yv2ox2m%2BmU%2Fk5zw%3D%3D&trackingId=xj%2BvTgmPCehMSPz3SOftqA%3D%3D&position=14&pageNum=1&trk=public_jobs_jserp-result_search-card
39,DEVK Versicherungen,Duales Studium BWL/Versicherung B.A.,https://de.linkedin.com/jobs/view/duales-studium-bwl-versicherung-b-a-at-devk-versicherungen-3708928337?refId=DGACJi5yv2ox2m%2BmU%2Fk5zw%3D%3D&trackingId=zvSoBKcqvYbw7CVbH8dyvA%3D%3D&position=15&pageNum=1&trk=public_jobs_jserp-result_search-card
40,H2 MOBILITY,Werkstudierende im Bereich Digital Business Analyst (gn),https://de.linkedin.com/jobs/view/werkstudierende-im-bereich-digital-business-analyst-gn-at-h2-mobility-3776867213?refId=DGACJi5yv2ox2m%2BmU%2Fk5zw%3D%3D&trackingId=Ube41kqYtOU7Ii7I%2FcrL0Q%3D%3D&position=16&pageNum=1&trk=public_jobs_jserp-result_search-card
41,]init[ - Services for the eSociety,Business Analyst (m/w/d),https://de.linkedin.com/jobs/view/business-analyst-m-w-d-at-init-ag-f%C3%BCr-digitale-kommunikation-3773531750?refId=DGACJi5yv2ox2m%2BmU%2Fk5zw%3D%3D&trackingId=L5hUEi%2BwgG5uXNXxAqD2Qg%3D%3D&position=17&pageNum=1&trk=public_jobs_jserp-result_search-card
42,Lufthansa Industry Solutions,Business Analyst (all genders) Digitalisierung,https://de.linkedin.com/jobs/view/business-analyst-all-genders-digitalisierung-at-lufthansa-industry-solutions-3574420173?refId=DGACJi5yv2ox2m%2BmU%2Fk5zw%3D%3D&trackingId=kRwQXfy%2BztNUYTcTbHjL1w%3D%3D&position=18&pageNum=1&trk=public_jobs_jserp-result_search-card
43,AERTiCKET Gruppe,Business Analyst (m/f/x),https://de.linkedin.com/jobs/view/business-analyst-m-f-x-at-aerticket-gruppe-3769065790?refId=DGACJi5yv2ox2m%2BmU%2Fk5zw%3D%3D&trackingId=xHAAz%2FAMAC7BSWZ7HDVjWA%3D%3D&position=19&pageNum=1&trk=public_jobs_jserp-result_search-card
44,Empiric,Avaloq Business Analyst,https://de.linkedin.com/jobs/view/avaloq-business-analyst-at-empiric-3780462512?refId=DGACJi5yv2ox2m%2BmU%2Fk5zw%3D%3D&trackingId=S1osUujrSSQGPXMxkDpCWw%3D%3D&position=20&pageNum=1&trk=public_jobs_jserp-result_search-card
45,Deutsche Bahn,Business Analyst:in / Data Migration Manager:in SAP S/4HANA,https://de.linkedin.com/jobs/view/business-analyst-in-data-migration-manager-in-sap-s-4hana-at-deutsche-bahn-3763982475?refId=DGACJi5yv2ox2m%2BmU%2Fk5zw%3D%3D&trackingId=RpxcGnyGBoXoNyhoQedmMQ%3D%3D&position=21&pageNum=1&trk=public_jobs_jserp-result_search-card
46,CBTW,Business Analyst (M/W/D),https://de.linkedin.com/jobs/view/business-analyst-m-w-d-at-cbtw-3776197620?refId=DGACJi5yv2ox2m%2BmU%2Fk5zw%3D%3D&trackingId=EgpiM55FWef1rIJmYu1mBA%3D%3D&position=22&pageNum=1&trk=public_jobs_jserp-result_search-card
47,IBM,Business Analysts P&C (f/m/x),https://de.linkedin.com/jobs/view/business-analysts-p-c-f-m-x-at-ibm-3697723136?refId=DGACJi5yv2ox2m%2BmU%2Fk5zw%3D%3D&trackingId=cCpe7iPchLW6xBDRkDUSdQ%3D%3D&position=23&pageNum=1&trk=public_jobs_jserp-result_search-card
48,Verivox GmbH,Business Analyst Value Added Services (m/w/d),https://de.linkedin.com/jobs/view/business-analyst-value-added-services-m-w-d-at-verivox-gmbh-3773669435?refId=DGACJi5yv2ox2m%2BmU%2Fk5zw%3D%3D&trackingId=1bUt7IK53HAPq49HWQLBeQ%3D%3D&position=24&pageNum=1&trk=public_jobs_jserp-result_search-card
49,Drechsel & Hansen Unternehmensnachfolge GmbH,Business Analyst Praktikant (PE),https://de.linkedin.com/jobs/view/business-analyst-praktikant-pe-at-drechsel-hansen-unternehmensnachfolge-gmbh-3779980848?refId=DGACJi5yv2ox2m%2BmU%2Fk5zw%3D%3D&trackingId=MBwV%2FSuxnxZmL9tVI9V%2BmA%3D%3D&position=25&pageNum=1&trk=public_jobs_jserp-result_search-card
50,]init[ - Services for the eSociety,Business Analyst (m/w/d),https://de.linkedin.com/jobs/view/business-analyst-m-w-d-at-init-ag-f%C3%BCr-digitale-kommunikation-3773535328?refId=UITn9cWXX4JupkHbObcTrA%3D%3D&trackingId=Fv5%2B22MRD%2B3TJRvYE9wq1w%3D%3D&position=1&pageNum=2&trk=public_jobs_jserp-result_search-card
51,Yara International,Digital Business Analyst - Industrial Traceability,https://de.linkedin.com/jobs/view/digital-business-analyst-industrial-traceability-at-yara-international-3779056389?refId=UITn9cWXX4JupkHbObcTrA%3D%3D&trackingId=LlF%2B5GsxZ5x%2FcbDuMcxCug%3D%3D&position=2&pageNum=2&trk=public_jobs_jserp-result_search-card
52,CBTW,Business Analyst (M/W/D),https://de.linkedin.com/jobs/view/business-analyst-m-w-d-at-cbtw-3773346570?refId=UITn9cWXX4JupkHbObcTrA%3D%3D&trackingId=FtKq5cMLgsxreRVQwwtszA%3D%3D&position=3&pageNum=2&trk=public_jobs_jserp-result_search-card
53,InterEx Group,D365 F&O Business Analyst (SCM),https://de.linkedin.com/jobs/view/d365-f-o-business-analyst-scm-at-interex-group-3759044911?refId=UITn9cWXX4JupkHbObcTrA%3D%3D&trackingId=oyoeFtoEfxxE9ZYG4o5Jjg%3D%3D&position=4&pageNum=2&trk=public_jobs_jserp-result_search-card
54,Stealth iT Recruitment,Business Analyst - Insurance,https://de.linkedin.com/jobs/view/business-analyst-insurance-at-stealth-it-recruitment-3773510140?refId=UITn9cWXX4JupkHbObcTrA%3D%3D&trackingId=YKfUC%2FSZSfg3j0tjx8S1hA%3D%3D&position=5&pageNum=2&trk=public_jobs_jserp-result_search-card
55,CBTW,Business Analyst (M/W/D),https://de.linkedin.com/jobs/view/business-analyst-m-w-d-at-cbtw-3775724877?refId=UITn9cWXX4JupkHbObcTrA%3D%3D&trackingId=k5sJ%2Bcqgrq%2Bio0Jcwz%2FjPw%3D%3D&position=6&pageNum=2&trk=public_jobs_jserp-result_search-card
56,Airbus,Business Analyst & Application Architect (m/w/d),https://de.linkedin.com/jobs/view/business-analyst-application-architect-m-w-d-at-airbus-3728336998?refId=UITn9cWXX4JupkHbObcTrA%3D%3D&trackingId=RTBQKZN4%2BTBiuQ6q38%2BDBg%3D%3D&position=7&pageNum=2&trk=public_jobs_jserp-result_search-card
57,Deloitte,Business Analyst / Consultant Strategieberatung - Monitor Deloitte (m/w/d),https://de.linkedin.com/jobs/view/business-analyst-consultant-strategieberatung-monitor-deloitte-m-w-d-at-deloitte-3365805053?refId=UITn9cWXX4JupkHbObcTrA%3D%3D&trackingId=5tyFwAPL8fB6jNV9dxz9lQ%3D%3D&position=8&pageNum=2&trk=public_jobs_jserp-result_search-card
58,home24 SE,Performance Marketing Manager SEA (m/w/d),https://de.linkedin.com/jobs/view/performance-marketing-manager-sea-m-w-d-at-home24-se-3655539781?refId=UITn9cWXX4JupkHbObcTrA%3D%3D&trackingId=p0NOLdxKyPk3Fx8dykfRBA%3D%3D&position=9&pageNum=2&trk=public_jobs_jserp-result_search-card
59,EY,Berater Technology Business Analysis - Technology Transformation (w/m/d),https://de.linkedin.com/jobs/view/berater-technology-business-analysis-technology-transformation-w-m-d-at-ey-3706663482?refId=UITn9cWXX4JupkHbObcTrA%3D%3D&trackingId=El7%2F%2FQ5lyRCJa8Sjt6rnSg%3D%3D&position=10&pageNum=2&trk=public_jobs_jserp-result_search-card
60,Babbel,(Senior) Tech Marketing Manager (all genders),https://de.linkedin.com/jobs/view/senior-tech-marketing-manager-all-genders-at-babbel-3772600192?refId=UITn9cWXX4JupkHbObcTrA%3D%3D&trackingId=AvOjQssqKGAPuAvZ5ExO%2Bw%3D%3D&position=11&pageNum=2&trk=public_jobs_jserp-result_search-card
61,Uni-assist e.V.,Business Analyst (m/w/d),https://de.linkedin.com/jobs/view/business-analyst-m-w-d-at-uni-assist-e-v-3769463917?refId=UITn9cWXX4JupkHbObcTrA%3D%3D&trackingId=JScnXsmQLGX8fIXCVTI7NA%3D%3D&position=12&pageNum=2&trk=public_jobs_jserp-result_search-card
62,Verivox GmbH,Business Analyst Insurance (m/w/d),https://de.linkedin.com/jobs/view/business-analyst-insurance-m-w-d-at-verivox-gmbh-3773667653?refId=UITn9cWXX4JupkHbObcTrA%3D%3D&trackingId=5Bl74HAM7zIDppyxQUB20g%3D%3D&position=13&pageNum=2&trk=public_jobs_jserp-result_search-card
63,Freiberger Lebensmittel GmbH,Business Analyst Workflow Utility for Operational Planning (m/w/d),https://de.linkedin.com/jobs/view/business-analyst-workflow-utility-for-operational-planning-m-w-d-at-freiberger-lebensmittel-gmbh-3735702336?refId=UITn9cWXX4JupkHbObcTrA%3D%3D&trackingId=oHbL%2BfI3Rw%2BtUTVxOf6dPg%3D%3D&position=14&pageNum=2&trk=public_jobs_jserp-result_search-card
64,publicplan GmbH,Business Analyst (m/w/d) - 100% remote,https://de.linkedin.com/jobs/view/business-analyst-m-w-d-100%25-remote-at-publicplan-gmbh-3776905232?refId=UITn9cWXX4JupkHbObcTrA%3D%3D&trackingId=nq42hNYb2P0YyV%2Bec5jlgg%3D%3D&position=15&pageNum=2&trk=public_jobs_jserp-result_search-card
65,Deloitte,Business Analyst / Consultant Cloud Integration (m/w/d),https://de.linkedin.com/jobs/view/business-analyst-consultant-cloud-integration-m-w-d-at-deloitte-3628998054?refId=UITn9cWXX4JupkHbObcTrA%3D%3D&trackingId=XQdC3L8kQk5KdhDpUB%2Bz%2Fw%3D%3D&position=16&pageNum=2&trk=public_jobs_jserp-result_search-card
66,Tesla,Duales Studium B.A. International Service Management (m/w/d) - Berlin,https://de.linkedin.com/jobs/view/duales-studium-b-a-international-service-management-m-w-d-berlin-at-tesla-3735044548?refId=UITn9cWXX4JupkHbObcTrA%3D%3D&trackingId=WvG4jFlyvPSYGZtw3EIKYw%3D%3D&position=17&pageNum=2&trk=public_jobs_jserp-result_search-card
67,Verivox GmbH,Product Owner Data / Product Analyst (m/w/d) Business Unit Insurance,https://de.linkedin.com/jobs/view/product-owner-data-product-analyst-m-w-d-business-unit-insurance-at-verivox-gmbh-3773669466?refId=UITn9cWXX4JupkHbObcTrA%3D%3D&trackingId=b8ua5mexMJUxCI%2FZhSwAwg%3D%3D&position=18&pageNum=2&trk=public_jobs_jserp-result_search-card
68,Promedis24 GmbH,Erziehungswissenschaftler Mono B.A. (m/w/d),https://de.linkedin.com/jobs/view/erziehungswissenschaftler-mono-b-a-m-w-d-at-promedis24-gmbh-3780470368?refId=UITn9cWXX4JupkHbObcTrA%3D%3D&trackingId=k9TbqwC2Pi0bru8A5DAxdQ%3D%3D&position=19&pageNum=2&trk=public_jobs_jserp-result_search-card
69,Promedis24 GmbH,"Früh-, Elementar- oder Kindheitspädagogin B.A. (w/m/d)",https://de.linkedin.com/jobs/view/fr%C3%BCh-elementar-oder-kindheitsp%C3%A4dagogin-b-a-w-m-d-at-promedis24-gmbh-3780471259?refId=UITn9cWXX4JupkHbObcTrA%3D%3D&trackingId=cQuBVxpmS%2B9QYDDDWi%2FLCQ%3D%3D&position=20&pageNum=2&trk=public_jobs_jserp-result_search-card
70,Deloitte,Business Analyst / Consultant Digital Transformation ServiceNow (m/w/d),https://de.linkedin.com/jobs/view/business-analyst-consultant-digital-transformation-servicenow-m-w-d-at-deloitte-3073143523?refId=UITn9cWXX4JupkHbObcTrA%3D%3D&trackingId=aBXjbKG7js1kTSmAUK8qqg%3D%3D&position=21&pageNum=2&trk=public_jobs_jserp-result_search-card
71,Promedis24 GmbH,Erziehungswissenschaftler Mono B.A. (m/w/d),https://de.linkedin.com/jobs/view/erziehungswissenschaftler-mono-b-a-m-w-d-at-promedis24-gmbh-3780468451?refId=UITn9cWXX4JupkHbObcTrA%3D%3D&trackingId=f3IBVskAfI6QPsQX9Jg3GA%3D%3D&position=22&pageNum=2&trk=public_jobs_jserp-result_search-card
72,Promedis24 GmbH,Erziehungswissenschaftler Mono B.A. (m/w/d),https://de.linkedin.com/jobs/view/erziehungswissenschaftler-mono-b-a-m-w-d-at-promedis24-gmbh-3780466533?refId=UITn9cWXX4JupkHbObcTrA%3D%3D&trackingId=CDm5u6EFZd7p%2B4%2Fe9oThgw%3D%3D&position=23&pageNum=2&trk=public_jobs_jserp-result_search-card
73,DIGITALL,Dynamics 365 Business Analyst,https://de.linkedin.com/jobs/view/dynamics-365-business-analyst-at-digitall-3731258981?refId=UITn9cWXX4JupkHbObcTrA%3D%3D&trackingId=UUT2fcpikYaCUcIgINLCjw%3D%3D&position=24&pageNum=2&trk=public_jobs_jserp-result_search-card
74,BearingPoint,Business Analyst Strategy & Digital Transformation | Energiewirtschaft (m/w/d) in Berlin,https://de.linkedin.com/jobs/view/business-analyst-strategy-digital-transformation-energiewirtschaft-m-w-d-in-berlin-at-bearingpoint-2963471348?refId=WNIkyQ0hyZANWXFxc5YvzQ%3D%3D&trackingId=K6NIvZWctKFpkbQg3Xl%2FuQ%3D%3D&position=1&pageNum=3&trk=public_jobs_jserp-result_search-card
75,Promedis24 GmbH,Erziehungswissenschaftler Mono B.A. (m/w/d),https://de.linkedin.com/jobs/view/erziehungswissenschaftler-mono-b-a-m-w-d-at-promedis24-gmbh-3780467477?refId=WNIkyQ0hyZANWXFxc5YvzQ%3D%3D&trackingId=Tna7lSOFpRFYr2vvZAFqzA%3D%3D&position=2&pageNum=3&trk=public_jobs_jserp-result_search-card
76,Promedis24 GmbH,"Früh-, Elementar- oder Kindheitspädagoge B.A. (w/m/d)",https://de.linkedin.com/jobs/view/fr%C3%BCh-elementar-oder-kindheitsp%C3%A4dagoge-b-a-w-m-d-at-promedis24-gmbh-3780469295?refId=WNIkyQ0hyZANWXFxc5YvzQ%3D%3D&trackingId=aulUYTOzJNqZMbn7L1S%2BYw%3D%3D&position=3&pageNum=3&trk=public_jobs_jserp-result_search-card
77,Capgemini,Business Analyst Customer Experience (w/m/d),https://de.linkedin.com/jobs/view/business-analyst-customer-experience-w-m-d-at-capgemini-3736649393?refId=WNIkyQ0hyZANWXFxc5YvzQ%3D%3D&trackingId=xOOqP%2F2B24tkksaUoi9dCQ%3D%3D&position=4&pageNum=3&trk=public_jobs_jserp-result_search-card
78,Promedis24 GmbH,Erziehungswissenschaftler Mono B.A. (m/w/d),https://de.linkedin.com/jobs/view/erziehungswissenschaftler-mono-b-a-m-w-d-at-promedis24-gmbh-3780469345?refId=WNIkyQ0hyZANWXFxc5YvzQ%3D%3D&trackingId=RUxVd59LDsBrTrSeoOK1Kg%3D%3D&position=5&pageNum=3&trk=public_jobs_jserp-result_search-card
79,abl solutions GmbH,Business / Market Analyst (m/w/d),https://de.linkedin.com/jobs/view/business-market-analyst-m-w-d-at-abl-solutions-gmbh-3726545406?refId=WNIkyQ0hyZANWXFxc5YvzQ%3D%3D&trackingId=TQvLy9wahrX%2BQsPl%2Fg2f2Q%3D%3D&position=6&pageNum=3&trk=public_jobs_jserp-result_search-card
80,Promedis24 GmbH,Erziehungswissenschaftler Mono B.A. (m/w/d),https://de.linkedin.com/jobs/view/erziehungswissenschaftler-mono-b-a-m-w-d-at-promedis24-gmbh-3780469355?refId=WNIkyQ0hyZANWXFxc5YvzQ%3D%3D&trackingId=F9bSZ6ipG16T3fT%2B5bEAgA%3D%3D&position=7&pageNum=3&trk=public_jobs_jserp-result_search-card
81,a&o Hostels,Duales Studium - B.A. Tourismusmanagement (m/w/d),https://de.linkedin.com/jobs/view/duales-studium-b-a-tourismusmanagement-m-w-d-at-a-o-hostels-3622770314?refId=WNIkyQ0hyZANWXFxc5YvzQ%3D%3D&trackingId=TIwHWql3QZVepOBj1ZKuZQ%3D%3D&position=8&pageNum=3&trk=public_jobs_jserp-result_search-card
82,Promedis24 GmbH,"Früh-, Elementar- oder Kindheitspädagoge B.A. (w/m/d)",https://de.linkedin.com/jobs/view/fr%C3%BCh-elementar-oder-kindheitsp%C3%A4dagoge-b-a-w-m-d-at-promedis24-gmbh-3780466464?refId=WNIkyQ0hyZANWXFxc5YvzQ%3D%3D&trackingId=94ouO%2Br3evzWv4sTYWkj5w%3D%3D&position=9&pageNum=3&trk=public_jobs_jserp-result_search-card
83,Stealth iT Recruitment,Business Analyst (Insurance Experience Required),https://de.linkedin.com/jobs/view/business-analyst-insurance-experience-required-at-stealth-it-recruitment-3772471811?refId=WNIkyQ0hyZANWXFxc5YvzQ%3D%3D&trackingId=PsYjpYZ6PKb6ku%2F0hhp4pg%3D%3D&position=10&pageNum=3&trk=public_jobs_jserp-result_search-card
84,Deloitte,Business Analyst / Consultant (m/w/d) Enterprise Resource Planning (ERP) in Berlin,https://de.linkedin.com/jobs/view/business-analyst-consultant-m-w-d-enterprise-resource-planning-erp-in-berlin-at-deloitte-3277747614?refId=WNIkyQ0hyZANWXFxc5YvzQ%3D%3D&trackingId=33jycI2z%2Bv%2Ft9E3iAhqFSA%3D%3D&position=11&pageNum=3&trk=public_jobs_jserp-result_search-card
85,Vodafone,"Duales Studium B.A. BWL, mit Schwerpunkt Digital Innovation in Berlin (2024)",https://de.linkedin.com/jobs/view/duales-studium-b-a-bwl-mit-schwerpunkt-digital-innovation-in-berlin-2024-at-vodafone-3717099303?refId=WNIkyQ0hyZANWXFxc5YvzQ%3D%3D&trackingId=iMfPJ0EoMHWh%2BGeUxvDUsA%3D%3D&position=12&pageNum=3&trk=public_jobs_jserp-result_search-card
86,Promedis24 GmbH,"Früh-, Elementar- oder Kindheitspädagoge B.A. (w/m/d)",https://de.linkedin.com/jobs/view/fr%C3%BCh-elementar-oder-kindheitsp%C3%A4dagoge-b-a-w-m-d-at-promedis24-gmbh-3780466462?refId=WNIkyQ0hyZANWXFxc5YvzQ%3D%3D&trackingId=ZGAiuwVSe9MPo%2BvdYRTgEg%3D%3D&position=13&pageNum=3&trk=public_jobs_jserp-result_search-card
87,Promedis24 GmbH,"Früh-, Elementar- oder Kindheitspädagoge B.A. (w/m/d)",https://de.linkedin.com/jobs/view/fr%C3%BCh-elementar-oder-kindheitsp%C3%A4dagoge-b-a-w-m-d-at-promedis24-gmbh-3780468406?refId=WNIkyQ0hyZANWXFxc5YvzQ%3D%3D&trackingId=E%2BjM2jG0y0rT0v38HVZKgQ%3D%3D&position=14&pageNum=3&trk=public_jobs_jserp-result_search-card
88,AOK Systems GmbH,Sozial­ver­si­che­rungs­fach­an­ge­stellte als Business Analyst (m/w/d) Schwerpunkt Telematik,https://de.linkedin.com/jobs/view/sozial%C2%ADver%C2%ADsi%C2%ADche%C2%ADrungs%C2%ADfach%C2%ADan%C2%ADge%C2%ADstellte-als-business-analyst-m-w-d-schwerpunkt-telematik-at-aok-systems-gmbh-3720151405?refId=WNIkyQ0hyZANWXFxc5YvzQ%3D%3D&trackingId=pGQ32Ddtd5LeL3Thq8JKxA%3D%3D&position=15&pageNum=3&trk=public_jobs_jserp-result_search-card
89,Promedis24 GmbH,"Früh-, Elementar- oder Kindheitspädagoge B.A. (w/m/d)",https://de.linkedin.com/jobs/view/fr%C3%BCh-elementar-oder-kindheitsp%C3%A4dagoge-b-a-w-m-d-at-promedis24-gmbh-3780468399?refId=WNIkyQ0hyZANWXFxc5YvzQ%3D%3D&trackingId=HyWsFk5T1zN5nISrGl%2BC%2Fg%3D%3D&position=16&pageNum=3&trk=public_jobs_jserp-result_search-card
90,Gesellschaft zur Verwertung von Leistungsschutzrechten mbH,Business Analyst (m/w/d),https://de.linkedin.com/jobs/view/business-analyst-banking-m-w-d-at-msg-for-banking-ag-3574443223?refId=WNIkyQ0hyZANWXFxc5YvzQ%3D%3D&trackingId=CEtBIf%2FxuqHKiW3kecBwbg%3D%3D&position=18&pageNum=3&trk=public_jobs_jserp-result_search-card
91,msg for banking ag,Business Analyst / Banking (m/w/d),https://de.linkedin.com/jobs/view/business-analyst-retail-processes-at-new-yorker-3777563631?refId=WNIkyQ0hyZANWXFxc5YvzQ%3D%3D&trackingId=mDzBfKKpK0V0jzbMRPo%2Bsw%3D%3D&position=19&pageNum=3&trk=public_jobs_jserp-result_search-card
92,NEW YORKER,BUSINESS ANALYST RETAIL PROCESSES*,https://de.linkedin.com/jobs/view/business-analyst-energiewirtschaftliche-abrechnungssysteme-m-w-d-%232-at-50hertz-transmission-gmbh-3778557322?refId=WNIkyQ0hyZANWXFxc5YvzQ%3D%3D&trackingId=iV7XDndNycyffR9yJTv%2FNw%3D%3D&position=20&pageNum=3&trk=public_jobs_jserp-result_search-card
93,50Hertz Transmission GmbH,Business Analyst energiewirtschaftliche Abrechnungssysteme (m/w/d) #2,https://de.linkedin.com/jobs/view/cyber-security-solution-specialist-business-analyst-requirements-analysis-change-management-m-f-d-at-workwise-3748612214?refId=WNIkyQ0hyZANWXFxc5YvzQ%3D%3D&trackingId=U3psTD65%2B3%2F1XvhZj%2FqHGg%3D%3D&position=21&pageNum=3&trk=public_jobs_jserp-result_search-card
94,Workwise,Cyber Security Solution Specialist - Business Analyst / Requirements Analysis / Change Management (m/f/d),https://de.linkedin.com/jobs/view/business-analyst-sales-m-w-d-at-iu-internationale-hochschule-3775506132?refId=WNIkyQ0hyZANWXFxc5YvzQ%3D%3D&trackingId=PkVA512VkDySUHr0MHaJ1A%3D%3D&position=22&pageNum=3&trk=public_jobs_jserp-result_search-card
95,IU International University of Applied Sciences,Business Analyst Sales (m/w/d),https://de.linkedin.com/jobs/view/business-analyst-energiewirtschaftliche-abrechnungssysteme-m-w-d-%232-at-50hertz-transmission-gmbh-3778558222?refId=WNIkyQ0hyZANWXFxc5YvzQ%3D%3D&trackingId=yhy05PB%2FtOMZ2gO2mkYE7Q%3D%3D&position=23&pageNum=3&trk=public_jobs_jserp-result_search-card
96,50Hertz Transmission GmbH,Business Analyst energiewirtschaftliche Abrechnungssysteme (m/w/d) #2,https://de.linkedin.com/jobs/view/senior-tech-marketing-manager-all-genders-at-babbel-3765035475?refId=WNIkyQ0hyZANWXFxc5YvzQ%3D%3D&trackingId=xjQrbpQnTwixYaTNySkspA%3D%3D&position=24&pageNum=3&trk=public_jobs_jserp-result_search-card
97,Babbel,(Senior) Tech Marketing Manager (all genders),https://de.linkedin.com/jobs/view/business-analyst-datenmigration-all-genders-f%C3%BCr-die-adesso-insurance-solutions-gmbh-at-adesso-insurance-solutions-gmbh-3741942819?refId=WNIkyQ0hyZANWXFxc5YvzQ%3D%3D&trackingId=0WQcTi2EigLBf8Gqq%2BxKpA%3D%3D&position=25&pageNum=3&trk=public_jobs_jserp-result_search-card
98,adesso insurance solutions GmbH,Business Analyst Datenmigration (all genders) für die adesso insurance solutions GmbH,https://de.linkedin.com/jobs/view/business-analyst-datenmigration-all-genders-f%C3%BCr-die-adesso-insurance-solutions-gmbh-at-adesso-insurance-solutions-gmbh-3741942819?refId=5Q6C6pETQuMKdHSVfK3ltA%3D%3D&trackingId=yyUxB711QJpCA3z2W0GeDQ%3D%3D&position=1&pageNum=4&trk=public_jobs_jserp-result_search-card
99,adesso insurance solutions GmbH,Business Analyst Datenmigration (all genders) für die adesso insurance solutions GmbH,https://de.linkedin.com/jobs/view/consultant-business-analyst-senior-bei-findic-w-m-d-at-zeb-consulting-3378324316?refId=5Q6C6pETQuMKdHSVfK3ltA%3D%3D&trackingId=Cu%2BfD47loUICUsgrY7HtJg%3D%3D&position=2&pageNum=4&trk=public_jobs_jserp-result_search-card
100,zeb consulting,Consultant / Business Analyst (Senior) bei findic (w|m|d),https://de.linkedin.com/jobs/view/duales-studium-gesundheitsmanagement-b-a-am-campus-oder-online-at-iu-internationale-hochschule-3407454453?refId=5Q6C6pETQuMKdHSVfK3ltA%3D%3D&trackingId=9ToD1uNmm7TvRWrMVPJP6g%3D%3D&position=3&pageNum=4&trk=public_jobs_jserp-result_search-card
101,IU International University of Applied Sciences,Duales Studium Gesundheitsmanagement (B.A.) am Campus oder online,https://de.linkedin.com/jobs/view/procurement-business-analyst-m-f-d-at-ib-vogt-gmbh-3778535627?refId=5Q6C6pETQuMKdHSVfK3ltA%3D%3D&trackingId=4lXwVExzxJXU61TITQOF1Q%3D%3D&position=4&pageNum=4&trk=public_jobs_jserp-result_search-card
102,ib vogt GmbH,(Procurement) Business Analyst (m/f/d),https://de.linkedin.com/jobs/view/marketing-analyst-bangkok-based-relocation-provided-at-agoda-3727085744?refId=5Q6C6pETQuMKdHSVfK3ltA%3D%3D&trackingId=P%2BrW6wVqiI50%2FU6C5jgO7g%3D%3D&position=5&pageNum=4&trk=public_jobs_jserp-result_search-card
103,Agoda,"Marketing Analyst (Bangkok Based, relocation provided)",https://de.linkedin.com/jobs/view/bas-berlin-aviation-service-gmbh-sucht-mitarbeiter-in-der-passagierabfertigung-check-in-agent-m-w-d-in-teilzeit-80-stunden-oder-als-minijob-at-gas-german-aviation-service-3734090133?refId=5Q6C6pETQuMKdHSVfK3ltA%3D%3D&trackingId=B%2FPS1IKcnxoFqg9lDSi2AA%3D%3D&position=6&pageNum=4&trk=public_jobs_jserp-result_search-card
104,GAS German Aviation Service,BAS Berlin Aviation Service GmbH sucht Mitarbeiter in der Passagierabfertigung - Check In Agent - (m/w/d) - ---In Teilzeit (80 Stunden) oder als Minijob ----,https://de.linkedin.com/jobs/view/duales-studium-b-a-bwl-mit-schwerpunkt-business-sales-in-berlin-2024-at-vodafone-3717095440?refId=5Q6C6pETQuMKdHSVfK3ltA%3D%3D&trackingId=VPxW%2Bg5yQyLYI%2Bf4SVqySA%3D%3D&position=7&pageNum=4&trk=public_jobs_jserp-result_search-card
105,Vodafone,"Duales Studium B.A. BWL, mit Schwerpunkt Business Sales in Berlin (2024)",https://de.linkedin.com/jobs/view/duales-studium-soziale-arbeit-b-a-am-campus-oder-online-at-iu-internationale-hochschule-3407450888?refId=5Q6C6pETQuMKdHSVfK3ltA%3D%3D&trackingId=zOanEhICzYJgR2Ntweq6JA%3D%3D&position=8&pageNum=4&trk=public_jobs_jserp-result_search-card
106,IU International University of Applied Sciences,Duales Studium Soziale Arbeit (B.A.) am Campus oder online,https://de.linkedin.com/jobs/view/duales-studium-soziale-arbeit-b-a-am-campus-oder-online-at-iu-internationale-hochschule-3407450893?refId=5Q6C6pETQuMKdHSVfK3ltA%3D%3D&trackingId=jfU1w9zuRnNPrsWGnipeGg%3D%3D&position=9&pageNum=4&trk=public_jobs_jserp-result_search-card
107,IU International University of Applied Sciences,Duales Studium Soziale Arbeit (B.A.) am Campus oder online,https://de.linkedin.com/jobs/view/duales-studium-kindheitsp%C3%A4dagogik-b-a-am-campus-oder-online-at-iu-internationale-hochschule-3407450842?refId=5Q6C6pETQuMKdHSVfK3ltA%3D%3D&trackingId=%2F%2BBaeS%2BI1cHt3o0Dr52pjA%3D%3D&position=10&pageNum=4&trk=public_jobs_jserp-result_search-card
108,IU International University of Applied Sciences,Duales Studium Kindheitspädagogik (B.A.) am Campus oder online,https://de.linkedin.com/jobs/view/duales-studium-tourismusmanagement-b-a-am-campus-oder-online-at-iu-internationale-hochschule-3402137468?refId=5Q6C6pETQuMKdHSVfK3ltA%3D%3D&trackingId=4ty5y4hQGQC%2F9AP0Ipimyw%3D%3D&position=11&pageNum=4&trk=public_jobs_jserp-result_search-card
109,IU International University of Applied Sciences,Duales Studium Tourismusmanagement (B.A.) am Campus oder online,https://de.linkedin.com/jobs/view/duales-studium-tourismusmanagement-b-a-am-campus-oder-online-at-iu-internationale-hochschule-3537245322?refId=5Q6C6pETQuMKdHSVfK3ltA%3D%3D&trackingId=hWtJRC7YLYim0kUBFB6iGw%3D%3D&position=13&pageNum=4&trk=public_jobs_jserp-result_search-card
110,Ing.ges. BBP Bauconsulting GmbH,Landschaftsarchitekt bei Generalplaner in LP 1-5 (m/w/d) BA-15,https://de.linkedin.com/jobs/view/business-analyst-bangkok-based-relocation-provided-at-agoda-3748495136?refId=5Q6C6pETQuMKdHSVfK3ltA%3D%3D&trackingId=N0gtK1b3tFE0rSYcMcymMQ%3D%3D&position=14&pageNum=4&trk=public_jobs_jserp-result_search-card
111,IU International University of Applied Sciences,Duales Studium Tourismusmanagement (B.A.) am Campus oder online,https://de.linkedin.com/jobs/view/duales-studium-betriebswirtschaftslehre-bank-b-a-mit-fokus-vertrieb-m-w-d-at-interhyp-gruppe-3746301416?refId=5Q6C6pETQuMKdHSVfK3ltA%3D%3D&trackingId=mz%2FdA06x1jWFRKBtN5ER4w%3D%3D&position=15&pageNum=4&trk=public_jobs_jserp-result_search-card
112,Agoda,"Business Analyst (Bangkok Based, relocation provided)",https://de.linkedin.com/jobs/view/duales-studium-immobilienwirtschaft-b-a-am-campus-oder-online-at-iu-internationale-hochschule-3407451923?refId=5Q6C6pETQuMKdHSVfK3ltA%3D%3D&trackingId=YhsxbhI1TUb%2BxRAwQLnsXw%3D%3D&position=16&pageNum=4&trk=public_jobs_jserp-result_search-card
113,Interhyp Gruppe,Duales Studium Betriebswirtschaftslehre / Bank B.A. mit Fokus Vertrieb (m/w/d),https://de.linkedin.com/jobs/view/duales-studium-bwl-schwerpunkt-industrie-b-a-bereich-regulierungsmanagement-berlin-at-50hertz-transmission-gmbh-3735308272?refId=5Q6C6pETQuMKdHSVfK3ltA%3D%3D&trackingId=JbHhnl0SnhwsBAYe0L17ng%3D%3D&position=17&pageNum=4&trk=public_jobs_jserp-result_search-card
114,IU International University of Applied Sciences,Duales Studium Immobilienwirtschaft (B.A.) am Campus oder online,https://de.linkedin.com/jobs/view/duales-studium-bwl-schwerpunkt-industrie-b-a-bereich-regulierungsmanagement-berlin-at-50hertz-transmission-gmbh-3735305713?refId=5Q6C6pETQuMKdHSVfK3ltA%3D%3D&trackingId=WVTz0lm91T2hfRqEq54rxg%3D%3D&position=18&pageNum=4&trk=public_jobs_jserp-result_search-card
115,50Hertz Transmission GmbH,"Duales Studium BWL Schwerpunkt Industrie (B.A.), Bereich Regulierungsmanagement, Berlin",https://de.linkedin.com/jobs/view/bas-berlin-aviation-service-gmbh-sucht-mitarbeiter-f%C3%BCr-die-vip-und-business-lounge-betreuung-m-w-d-at-gas-german-aviation-service-3734086694?refId=5Q6C6pETQuMKdHSVfK3ltA%3D%3D&trackingId=eyHQqPJXzsIqINDnlz4fVA%3D%3D&position=19&pageNum=4&trk=public_jobs_jserp-result_search-card
116,50Hertz Transmission GmbH,"Duales Studium BWL Schwerpunkt Industrie (B.A.), Bereich Regulierungsmanagement, Berlin",https://de.linkedin.com/jobs/view/praktikum-w-m-d-business-research-analysis-at-kpmg-deutschland-3743896490?refId=5Q6C6pETQuMKdHSVfK3ltA%3D%3D&trackingId=a55UTDRlwwwe1hNxMfXlig%3D%3D&position=20&pageNum=4&trk=public_jobs_jserp-result_search-card
117,GAS German Aviation Service,BAS Berlin Aviation Service GmbH sucht Mitarbeiter für die VIP und Business Lounge Betreuung (m/w/d),https://de.linkedin.com/jobs/view/consultant-business-analyst-projektmanager-life-sciences-chemicals-w-m-d-at-capgemini-3616300102?refId=5Q6C6pETQuMKdHSVfK3ltA%3D%3D&trackingId=6Aqw%2FdFylxPQlVHU0%2BNMAg%3D%3D&position=21&pageNum=4&trk=public_jobs_jserp-result_search-card
118,KPMG Deutschland,Praktikum (w/m/d) Business Research & Analysis,https://de.linkedin.com/jobs/view/servicetechniker-im-bereich-logistik-m-w-d-ba-w%C3%BC-at-arktis-the-solutions-company-3743830772?refId=5Q6C6pETQuMKdHSVfK3ltA%3D%3D&trackingId=cRJVjMtKb6HP0aW6tnfI7g%3D%3D&position=23&pageNum=4&trk=public_jobs_jserp-result_search-card
119,Capgemini,Consultant / Business Analyst / Projektmanager Life Sciences & Chemicals (w/m/d),https://de.linkedin.com/jobs/view/duales-studium-mediendesign-b-a-am-campus-oder-online-at-iu-internationale-hochschule-3407456256?refId=n2EuKv81XnvbjYsC9bttBQ%3D%3D&trackingId=%2B5%2F3pzD0uEoH0ZbigANs7w%3D%3D&position=3&pageNum=5&trk=public_jobs_jserp-result_search-card
120,GAS German Aviation Service,BAS Berlin Aviation Service GmbH sucht Mitarbeiter in der Passagierabfertigung - Check In Agent - (m/w/d) - ---In Teilzeit (60 Stunden) oder als Minijob ----,https://de.linkedin.com/jobs/view/duales-studium-mediendesign-b-a-am-campus-oder-online-at-iu-internationale-hochschule-3407457114?refId=n2EuKv81XnvbjYsC9bttBQ%3D%3D&trackingId=MAOyAmsBHbwi8nwRRmcNzA%3D%3D&position=4&pageNum=5&trk=public_jobs_jserp-result_search-card
121,ARKTIS - The solutions company,Servicetechniker im Bereich Logistik (m/w/d) Ba-Wü,https://de.linkedin.com/jobs/view/lead-managing-consultant-technology-innovation-w-m-x-at-ntt-data-dach-3670313500?refId=n2EuKv81XnvbjYsC9bttBQ%3D%3D&trackingId=dOz6PIy9D1yVDjEw%2B15i1Q%3D%3D&position=5&pageNum=5&trk=public_jobs_jserp-result_search-card
122,GAS German Aviation Service GmbH,BAS Berlin Aviation Service GmbH sucht Rampagenten in Voll- und Teilzeit (m/w/d),https://de.linkedin.com/jobs/view/senior-managing-consultant-executive-technology-innovation-w-m-x-at-ntt-data-dach-3700519276?refId=n2EuKv81XnvbjYsC9bttBQ%3D%3D&trackingId=9EAdvz1gzngbWlPogzbGGw%3D%3D&position=6&pageNum=5&trk=public_jobs_jserp-result_search-card
123,GAS German Aviation Service GmbH,BAS Berlin Aviation Service GmbH sucht Operationagents in Vollzeit (m/w/d),https://de.linkedin.com/jobs/view/duales-studium-wirtschaftspr%C3%BCfung-b-a-2024-at-deloitte-3672941432?refId=n2EuKv81XnvbjYsC9bttBQ%3D%3D&trackingId=GJu9E%2FqtDnjHn63LYu0wHg%3D%3D&position=7&pageNum=5&trk=public_jobs_jserp-result_search-card
124,GAS German Aviation Service GmbH,BAS Berlin Aviation Service GmbH sucht Customer Service Representatives (m/w/d) in Voll- und Teilzeit,https://de.linkedin.com/jobs/view/business-intelligence-data-analyst-at-avea-life-3767902213?refId=n2EuKv81XnvbjYsC9bttBQ%3D%3D&trackingId=67f4LGNH1xscDiKmGEQCDA%3D%3D&position=8&pageNum=5&trk=public_jobs_jserp-result_search-card
125,GAS German Aviation Service GmbH,BAS Berlin Aviation Service GmbH sucht Follow Me Fahrer & GAT Mitarbeiter (m/w/d) in Vollzeit,https://de.linkedin.com/jobs/view/game-data-analyst-f-m-d-at-kolibri-games-3764345446?refId=n2EuKv81XnvbjYsC9bttBQ%3D%3D&trackingId=E5fnuVpndYX%2BxffSzXkLVg%3D%3D&position=9&pageNum=5&trk=public_jobs_jserp-result_search-card
126,IU International University of Applied Sciences,Duales Studium Mediendesign (B.A.) am Campus oder online,https://de.linkedin.com/jobs/view/business-intelligence-data-analyst-at-maximon-the-longevity-company-builder-3766867939?refId=n2EuKv81XnvbjYsC9bttBQ%3D%3D&trackingId=7qjfunSKn6m5goiW0qDe5g%3D%3D&position=10&pageNum=5&trk=public_jobs_jserp-result_search-card
127,IU International University of Applied Sciences,Duales Studium Mediendesign (B.A.) am Campus oder online,https://de.linkedin.com/jobs/view/business-intelligence-bi-analyst-in-performance-marketing-all-genders-at-zalando-3772706213?refId=n2EuKv81XnvbjYsC9bttBQ%3D%3D&trackingId=HHVtXHk0aJD0wuZOhElnDQ%3D%3D&position=11&pageNum=5&trk=public_jobs_jserp-result_search-card
128,NTT DATA DACH,Lead / Managing Consultant Technology Innovation (w/m/x),https://de.linkedin.com/jobs/view/data-analyst-power-bi-m-w-d-at-vielfaltmen%C3%BC-gmbh-3760006982?refId=n2EuKv81XnvbjYsC9bttBQ%3D%3D&trackingId=%2FrBEIXPL3TMFIuYOSAPZtQ%3D%3D&position=12&pageNum=5&trk=public_jobs_jserp-result_search-card
129,NTT DATA DACH,Senior Managing Consultant/Executive Technology Innovation (w/m/x),https://de.linkedin.com/jobs/view/data-analyst-bootcamp-and-project-work-remote-part-time-%40-moyyn-%E2%80%93-gain-your-first-hands-on-experience-at-moyyn-3780806251?refId=n2EuKv81XnvbjYsC9bttBQ%3D%3D&trackingId=nFLRX5UNYPG44qog7v%2F2Lg%3D%3D&position=13&pageNum=5&trk=public_jobs_jserp-result_search-card
130,Deloitte,Duales Studium Wirtschaftsprüfung (B.A.) 2024,https://de.linkedin.com/jobs/view/data-analytics-lead-m-f-x-at-hashtag-you-3712118635?refId=n2EuKv81XnvbjYsC9bttBQ%3D%3D&trackingId=3nsbj5doOS5shdl2QDe%2B0A%3D%3D&position=14&pageNum=5&trk=public_jobs_jserp-result_search-card
131,Avea Life,Business Intelligence Data Analyst,https://de.linkedin.com/jobs/view/data-analyst-controller-business-intelligence-m-w-d-at-bwi-gmbh-3770829190?refId=n2EuKv81XnvbjYsC9bttBQ%3D%3D&trackingId=KXJTT32%2Bn%2FIJZUZK8VAw2g%3D%3D&position=15&pageNum=5&trk=public_jobs_jserp-result_search-card
132,Kolibri Games,Game Data Analyst (f/m/d),https://de.linkedin.com/jobs/view/business-analyst-in-sales-analytics-d-w-m-at-immoscout24-3759056246?refId=n2EuKv81XnvbjYsC9bttBQ%3D%3D&trackingId=IlxLqiX%2F7Z17vbQ7Z6R9nQ%3D%3D&position=16&pageNum=5&trk=public_jobs_jserp-result_search-card
133,Maximon - The Longevity Company Builder,Business Intelligence Data Analyst,https://de.linkedin.com/jobs/view/business-consultant-data-architecture-und-data-analysis-new-data-solutions-m-w-d-at-msg-3683743082?refId=n2EuKv81XnvbjYsC9bttBQ%3D%3D&trackingId=ibAkfT5i3aTs9WBdARAh0g%3D%3D&position=17&pageNum=5&trk=public_jobs_jserp-result_search-card
134,Zalando,Business Intelligence (BI) Analyst in Performance Marketing (all genders),https://de.linkedin.com/jobs/view/growth-expansion-analyst-w-m-d-at-enpal-3776939682?refId=n2EuKv81XnvbjYsC9bttBQ%3D%3D&trackingId=gzE7qYOcTVj1fbpEDegang%3D%3D&position=18&pageNum=5&trk=public_jobs_jserp-result_search-card
135,VielfaltMenü GmbH,Data Analyst Power BI (m/w/d),https://de.linkedin.com/jobs/view/growth-expansion-analyst-w-m-d-at-enpal-montage-gmbh-3775739761?refId=n2EuKv81XnvbjYsC9bttBQ%3D%3D&trackingId=cEDIYt9EfU%2FX71IGqn4oOw%3D%3D&position=19&pageNum=5&trk=public_jobs_jserp-result_search-card
136,Moyyn,Data Analyst Bootcamp and Project Work (remote -part time) @ Moyyn – Gain your first hands-on experience,https://de.linkedin.com/jobs/view/software-business-and-finance-analyst-d-f-m-at-4flow-3778227289?refId=n2EuKv81XnvbjYsC9bttBQ%3D%3D&trackingId=lAIGVmTsk6kIYE8qzSktSA%3D%3D&position=20&pageNum=5&trk=public_jobs_jserp-result_search-card
137,Hashtag You,Data & Analytics Lead (m/f/x),https://de.linkedin.com/jobs/view/business-analyst-in-m-w-i-%E2%80%93-vollzeit-unbefristet-at-propotsdam-gmbh-3634373503?refId=n2EuKv81XnvbjYsC9bttBQ%3D%3D&trackingId=IRn%2FiYIlTSX90pW7aKCV7A%3D%3D&position=21&pageNum=5&trk=public_jobs_jserp-result_search-card
138,BWI GmbH,Data Analyst / Controller Business Intelligence (m/w/d),https://de.linkedin.com/jobs/view/senior-martech-solutions-engineer-all-genders-at-babbel-3768207455?refId=n2EuKv81XnvbjYsC9bttBQ%3D%3D&trackingId=DbgaPPnWUOaNEVa0Spo5OQ%3D%3D&position=22&pageNum=5&trk=public_jobs_jserp-result_search-card
139,ImmoScout24,Business Analyst in Sales Analytics (d/w/m),https://de.linkedin.com/jobs/view/business-analyst-w-m-d-financial-services-at-wts-advisory-3584211727?refId=n2EuKv81XnvbjYsC9bttBQ%3D%3D&trackingId=vHvrSSy1aq%2FS6%2F%2BwYD3Wcg%3D%3D&position=23&pageNum=5&trk=public_jobs_jserp-result_search-card
140,msg,Business Consultant Data Architecture und Data Analysis / New Data Solutions (m/w/d),https://de.linkedin.com/jobs/view/senior-martech-solutions-engineer-all-genders-at-babbel-3778544490?refId=n2EuKv81XnvbjYsC9bttBQ%3D%3D&trackingId=RM7BTWaoke8ufOBQ5KvRdA%3D%3D&position=24&pageNum=5&trk=public_jobs_jserp-result_search-card
141,Enpal,Growth & Expansion Analyst (w/m/d),https://de.linkedin.com/jobs/view/werkstudent-m-w-d-wissensmanagement-mit-option-ba-oder-ma-thesis-at-diehl-metall-3642100758?refId=LkiV5JJbma8TrdNFSyHozw%3D%3D&trackingId=5Fsmltfhiu%2BUDIotmKqJsA%3D%3D&position=5&pageNum=6&trk=public_jobs_jserp-result_search-card
142,Enpal Montage GmbH,Growth & Expansion Analyst (w/m/d),
143,4flow,Software Business and Finance Analyst (d/f/m),
144,ProPotsdam GmbH,"Business-Analyst*in (m/w/i) – Vollzeit, unbefristet",
145,Babbel,(Senior) MarTech Solutions Engineer (all genders),
146,WTS Advisory,Business Analyst (w/m/d) Financial Services,
147,Babbel,(Senior) MarTech Solutions Engineer (all genders),
148,Ing.ges. BBP Bauconsulting GmbH,Anlagenmechaniker / Gas-Wasser-Installateur als Bauleiter HLS (m/w/d) bei Generalplaner BA-10,
149,Ing.ges. BBP Bauconsulting GmbH,Projektingenieur Technische Gebäudeausrüstung / TGA HLS (m/w/d) Generalplaner BA-07,
150,Ing.ges. BBP Bauconsulting GmbH,Bauleiter TGA HLS (w/m/d) - Objektüberwachung Versorgungstechnik Generalplaner BA-11,
151,Ing.ges. BBP Bauconsulting GmbH,Ingenieur Versorgungstechnik / Fachplaner TGA HLS (m/w/d) Generalplaner BA-05,
152,Ing.ges. BBP Bauconsulting GmbH,Projektingenieur Versorgungstechnik Heizung Lüftung Sanitär (m/w/d) Generalplaner BA-06,
153,Diehl Metall,Werkstudent (m/w/d) Wissensmanagement mit Option BA oder MA-Thesis,
